0,EXフラグ,;エクストラキャラフラグ、CSVにてセットで1の時はエクストラキャラ
1,助手可能,;1：売却可能になる（正しJには売却が無い。RR時の仕様)。2：助手が可能になる
2,好感度
3,パートナー選択可,;特殊キャラは弾く用
4,汚物排泄による異常経験フラグ,;EVENT2.ERBを参照のこと（排泄で異常経験を取得するのは最初の１回だけ）※数値 0：未経験 1：経験済み
5,別れた回数
6,アクセサリープレゼント数
7,別れる不可,;１になると別れる不可。相愛は別れる不可か別個に判断しているので、相愛取得イベントを作成した際に１にする必要なし
8,毛の成長判定,;(0=手つかず, 1=脱毛, 2=育毛可能な状態)
9,汎用口上用人格,;(0なら次にJINKAKU呼ばれたら再設定)
;10,eratohoJでは鈴蘭の毒に使用
10,勧誘状況,;(-1：勧誘済み　0：未遭遇　1：遭遇済み　2：撃破済み　3:別れている)
;11,採取した母乳の処理関連フラグ,;TRACHECK.ERBとSWEET_POTATO_1.ERBを参照のこと。RRの名残
;	（現在の仕様だと母乳採取が出来るのが１回だけらしい。FLAG:50や600番台と不整合？）
;	※数値	0：未採取	1：採取した	2：展示室に置いた
12,主導権基準値,;RR時に産卵回数として使用されている EVENT_E.ERBとSWEET_POTATO_1.ERBを参照のこと
;	（[妊娠]が要るはずなので、１度のウフフ中では１回しか産卵できない事なっているが、
;	仮にデータをいじって１回のウフフ中に何回も産卵したとしても、やはり産卵回数は＋１しかされない）
13,待機中行動
;	待機中行動の記録で使用。
;	0：何もさせない　1：修行　2：リフレッシュ　3：自給自足　4：連携を確認する　5：家事　6：妖怪退治
;	7：イチャイチャする	8：朝フェラ　9：自慰　10：レズ行為　11：性行為　12：宝探し
;	展示室に写真を保存した事があるかどうかのフラグ SWEET_POTATO_1.ERBを参照のこと
;	※数値 0：まだ保管してない 1：最低１枚は保管済み
;14 CONCERT.ERBとRANDOM_S.ERBで使用(願掛けで種族判定として使用)
;	
15,主導権,;主導権決定用フラグ(0：ランダム 1：強制主人公側 2：強制相手側)
16,非表示,;非表示にするかどうか;	展示室へＧＥＴしたパンティーをしまいにきた回数
17,午前の行動
18,午後の行動
19,脱衣レベル,;()
20,イベントスチル,;→PICTURE.ERHを定義してその中で管理
21,別れ,;別れデータ復帰用のフラグ。引継ぎ有りで別れた場合に1になる。仲間には居ないけど、データだけ所持してる状態となる。
22,初期異常経験,;初期異常経験の格納先。EVENT_S.ERBにて使用
23,アクセサリ1,;主人公の場合は自動装着。パートナーならつけているアクセサリの番号記録。吸血させる処理で使用？との記載があったが現在見当たらず
24,アクセサリ2,;主人公（SQJではパートナーも）がつけているアクセサリの番号記録
25,初期噴乳経験,;初期噴乳経験の格納先。EVENT_S.ERBにて使用
26,サド人数,;MASTERがTARGETに【サド】をつけた回数を保存
27,金稼ぎ実行フラグ,;甲斐性無しモード発動時のエンゲージリング購入に向けた金稼ぎ実行フラグ。1になっていると金稼ぎを実行するがへそくりとして溜め込んでおり、現金は増えない
28,異常経験
29,給料
30,
31,
32,記憶消去薬,;記憶消去薬で使用
33,危険日の周期
34,母乳数
35,尻子玉数
36,パンティ数
37,愛液数
38,写真数
39,卵数
40,黄金水数
41,TS時の素質保存,;性別反転時に使用。各ビットで設定する
;※
;0、ふたなり　1、不思議な根　2、具現　3、貧乳　4、巨乳　5、処女　6、母乳体質
;　7、童貞　8、早漏　9、爆乳　10、絶壁　11、男の娘
;ビット判定で
42,TS管理,;-1,TS中　0,TSしたことない　1,TS経験あり
43,
44,コマンドフィルタ1,;コマンドフィルタで使用
45,コマンドフィルタ2,;コマンドフィルタで使用
46,コマンドフィルタ3,;コマンドフィルタで使用
47,コマンドフィルタ4,;コマンドフィルタで使用
48,コマンドフィルタ5,;コマンドフィルタで使用
49,コマンドフィルタ6,;コマンドフィルタで使用
50,コマンドフィルタ7,;コマンドフィルタで使用
51,コマンドフィルタ8,;コマンドフィルタで使用
52,コマンドフィルタ9,;コマンドフィルタで使用
53,コマンドフィルタ10,;コマンドフィルタで使用
54,コマンドフィルタ11,;コマンドフィルタで使用
55,コマンドフィルタ12,;コマンドフィルタで使用
56,コマンドフィルタ13,;コマンドフィルタで使用
57,コマンドフィルタ14,;コマンドフィルタで使用
58,コマンドフィルタ15,;コマンドフィルタで使用
59,コマンドフィルタ16,;コマンドフィルタで使用
60,素質発覚1,;ステータスインビジブルで使用
61,素質発覚2,;ステータスインビジブルで使用
62,素質発覚3,;ステータスインビジブルで使用
63,
64,メンバー内位置
65,新口上文字色
66,レベル保存
67,累計レベル
68,KOJO_VERSION,;口上のバージョン判定
69,独自コマンド使用判定
70,ゆーしす存在判定,;ゆーしすの存在判定及び嫁からウフフ機能を使うためのフラグ
71,パートナー回数,;パートナーして過ごした回数（ゆーしす）
72,助手回数,;助手として過ごした回数;（ゆーしす）
73,パートナーウフフ回数,;パートナーとしてウフフした回数（ゆーしす）
74,助手ウフフ回数,;助手としてウフフした回数（ゆーしす）
75,仲間になった日
76,仲間になった月
77,仲間になってからの期間
78,別れていた期間
79,キャラ検索に使用
80,キャラソート使用,;1 = 存在 2 = パートナー 3 = 助手
81,キャラID,;同じキャラでも個別に判断するためのID。設定されているだけ
82,放尿ポイント,;[おもらし癖]が無くて放尿した場合に加算されていくポイント、EVENT_M.ERBを参照のこと
83,
84,
85,
86,
87,
88,
89,
90,
91,
92,
93,
94,
95,
96,
97,
98,回復素質記録,;妊娠時に付加される回復遅い等を元々持っているか記録するフラグ
99,地の文カット,;地の文章をカットするかどうかのフラグ。※数値 0：カットしない 1：カットする
100,貞操を守れるなら,;貞操を守れるなら
101,中出し,;主人による中出しカウント用。EVENT_N.ERB,EVENT_SHOOT_N.ERB参照のこと。検索する時は CFLAG:ASSI:101 か CFLAG:TARGET:101 で
102,対助手射精量,;助手による中出しカウント用。EVENT_N.ERB,EVENT_SHOOT_N.ERB参照のこと。検索する時は CFLAG:TARGET:102 で
103,パートナー中出し,;パートナーによる中出しカウント用。EVENT_N.ERB,EVENT_SHOOT_N.ERB参照のこと。検索する時は、CFLAG:PLAYER:103 で
104,種提供者
;	誰に妊娠させられたのかのフラグ EVENT_N.ERBを参照のこと
;	変数Ｔを使っているので、 CFLAG:T:104 で検索すべし。（Ｔは妊娠した側、つまり種ではなく畑の方）
;	※数値 1：主人 2：助手 3：奴隷
;	つまり CFLAG:T:104が３ で T=ASSI だった場合、助手のハラが奴隷の子種を宿したことになる
;105,妊娠判定で使用されてるが、機能はしていない模様？
106,ぶっ掛け場所,;現在不使用。EVENT_SHOOT_N.ERBとEVENT_SHOOT_M.ERBとEVENT_N.ERBを参照のこと。※数値 1：髪 2：顔 3：胸 4：腹 5：腋 6：太もも 7：割れ目 8：尻 9：コンドーム内
107,使用済みコンドーム判定,;誰がコンドームに射精したかのフラグ。※数値 1：主人 2：助手 4：奴隷（各ビットで設定する。３だったら主人と助手の２つの精液入りコンドーム有り、となる）
108,誰の精液を口に含んでいるか判定,;（マスター = 1, 助手 = 2, パートナー = 3）EVENT_N.ERBを参照のこと
109,排卵誘発剤経験,;排卵誘発剤使用経験の有無。あると１になるフラグ
110,出産日,
111,父親,
112,
113,
114,
115,
116,アイドルマスター技
117,ボルテージ上昇補正
118,PP取得
119,アイドル状態,;0,普通1,有頂天 2,ドン引き 3,自信喪失 4,無気力 5,喧嘩 6,鼻歌 7,キラキラ 8,小躍り 9,かしまし 10,体調不良, 11,病気, 12,覚醒, 13,えらます
120,アイドル属性,;1,キュート 2,クール 3,パッション 4,エクストラ
;外見素質
121,髪色
122,髪の長さ
123,髪の伸縮
124,髪型
125,髪オプション1
126,髪オプション2
127,瞳の色
128,瞳の形
129,肌の色
130,性格
131,職業
132,副職業
133,フレーバー1
134,フレーバー2
135,フレーバー3
136,フレーバー4
137,フレーバー5
138,
139,
140,

141,
142,
143,
144,
145,
146,
147,
148,
149,
150,
151,
152,
153,
154,
155,
156,
157,
158,
159,
160,
161,
162,
163,
164,
165,
166,
167,
168,
169,
170,
171,
172,
173,
174,
175,
176,
177,
178,
179,
180,
181,
182,
183,
184,
185,
186,
187,
188,
189,
190,
;-200
;システムで使うフラグとして予約

;201- 口上内分岐条件フラグ(テンプレで使用されているもの)。詳細は後述。
;あくまでテンプレで重複しないようまとめてあるだけなので、
;口上内で重複しなければこの通りに使用しなくても問題ない
;現在600番台まであり。ちなみに口上独自フラグは600番台に多い
;
;※これ以降は口上内分岐条件フラグ。
; 以下に示したのはテンプレにあるものではあるが、
; この口上には必ずしもこの番号を使わなければいけないという物では無い。
; 従って 112 を[告白失敗]用にしようが[反発感情取得]に使おうが構わない。
; また、一種類の口上に複数のフラグを使うのもＯＫ、つまり[服を脱がせる]に115、116、117の３つを使うのもアリ。
; 200、300番台を飛ばしていきなり400番台を使い出すのもアリ。
 
;100番台は旧テンプレでの仕様なので採用しない
;112 口上内分岐条件フラグ [告白成功]用
;113 口上内分岐条件フラグ [告白失敗]用
;114 口上内分岐条件フラグ [服を無理やり脱がせる]用
;115 口上内分岐条件フラグ [服を脱がせる]用
;116 口上内分岐条件フラグ [服脱がせ失敗]用
;117 口上内分岐条件フラグ [「合意」で服脱がせる]用
;118 口上内分岐条件フラグ [道中攻略成功]用
;119 口上内分岐条件フラグ [道中攻略失敗]用
;120 口上内分岐条件フラグ [ボス戦前会話]用
;121 口上内分岐条件フラグ [ボス戦勝利後会話]用
;122 口上内分岐条件フラグ [ボス戦敗北会話]用
;123 口上内分岐条件フラグ [耐力ゼロ]用
;124 口上内分岐条件フラグ [全滅]用
;125 口上内分岐条件フラグ [主人だけやられる]用
;126 口上内分岐条件フラグ [主人のみでお金稼ぎ]用
;127 口上内分岐条件フラグ [二人でお金稼ぎ]用
;128 口上内分岐条件フラグ [弁当販売]用
;129 口上内分岐条件フラグ [弁当を食べる]用
;130 口上内分岐条件フラグ [戦闘訓練]用
;131 口上内分岐条件フラグ [休憩]用
;132 口上内分岐条件フラグ [パートナー交代]用
;133 口上内分岐条件フラグ [助手交代]用
;134 口上内分岐条件フラグ [分かれる]用
;135 口上内分岐条件フラグ [デート中に向こうからファーストキス]用
;136 口上内分岐条件フラグ [デート中にむこうから告白]用
;137 口上内分岐条件フラグ [我慢できず押し倒される]用
;138 口上内分岐条件フラグ [オープニング]用
;139 口上内分岐条件フラグ [エンディング]用
;140 口上内分岐条件フラグ [３ボス戦後]用
;141 口上内分岐条件フラグ [６ボス戦前]用
;142 口上内分岐条件フラグ [ボスとして出現]用
;143 口上内分岐条件フラグ [ボスとして倒される]用
;146 口上内分岐条件フラグ [弾幕ごっこ]用
;147 口上内分岐条件フラグ [会話]用

201,初パートナーと過ごす
;このへんややこしいからおいとく
;202 簡易助手口上
;203 簡易助手口上
;204 簡易助手口上
;205 簡易助手口上
;206 簡易助手口上
;207 簡易助手口上 PANCTION.ERBで使用。オナ禁日数の現在の記録
;208 簡易助手口上 PANCTION.ERBで使用。「現在のオナ禁継続日数（０ならオナ禁していない）」として使用
;209 簡易助手口上
;210 簡易助手口上
;211 簡易助手口上 PANCTION.ERBで使用。（前回の調教で調教者として一度以上調教コマンドを実行した）
;212 簡易助手口上 PANCTION.ERBで使用。（1=助手として奴隷の処女を奪った、2=加えてその奴隷が恋慕、3と4はそれぞれ1と2と同じで、口上主がペニスを使用）
;213 簡易助手口上 PANCTION.ERBで使用。（口上主が助手として処女を奪った数の累計）
;214 簡易助手口上 PANCTION.ERBで使用。（1=助手であった口上主の処女を主人が奪った、2=奴隷に奪わせた）
;215 簡易助手口上 PANCTION.ERBで使用。（助手としての仕事がどの程度あったか。
;	0は一切出番なし、1はカメラのみ、2は軽い行為参加、3は奴隷同士の行為、4は主人との行為、5はそもそも奴隷がオトコ）
;216 簡易助手口上
;217 簡易助手口上 PANCTION.ERBで使用。前回調教した相手のキャラ番号を保存します。
;218 簡易助手口上
;219 簡易助手口上 PANCTION.ERBで使用。調教したキャラを保存
220,エキストラモード構文
221,朝になったとき
222,告白失敗
223,服を無理矢理脱がせる
224,服を脱がせる
225,服脱がせ失敗
226,「合意」で服脱がせる
227,道中攻略成功
228,道中攻略失敗
229,ボス戦開始
230,ボス戦勝利
231,ボス戦敗北
232,３ボス後
233,６ボス前
234,ボスとして出現
235,ボスとして倒される
236,耐力ゼロ
237,全滅
238,主人公だけやられる
239,主人公がお金稼ぎ
240,２人でお金稼ぎ
241,弁当販売
242,弁当食べる
243,戦闘訓練
244,休憩
245,パートナー交代
246,助手交代
247,デート中に向こうからプレゼント
248,食後に押し倒す
249,食後に押し倒す
250,食後に押し倒す
251,堪えて立ち去る(ターゲットは自慰)
252,立ち去ろうとしたら押し倒された
253,立ち去ろうとしたら押し倒された
254,立ち去ろうとしたら押し倒された
255,撤退
256,野外ライブ
257,ストリートライブ
258,パートナー交代（パートナーに選んだ時）

297,苦痛依存Lv3取得
298,快楽依存Lv3取得
299,既成事実取得
300,反発感情取得
301,調教後自慰
302,レズプレイ
303,朝フェラ
304,調教後セックス
305,調教後セックス
306,調教後セックス
307,調教後夜這い
308,調教後夜這い
309,調教後夜這い
310,夜這いキス
311,添い寝
312,晩酌
313,朝パイズリ
314,朝騎乗位
315,朝貝合わせ
316,朝新妻プレイ
317,朝新妻プレイ非セックス
318,朝キス
319,朝クンニ
320,朝正常位させる
321,朝パイズリする
322,添い寝
323,起きるまで見てるだけ1
324,起きるまで見てるだけ2
325,フライパンとお玉で(ry
326,ステージ攻略開始
327,道中攻略中断（撤退)
328,ボス戦などから撤退するときに失敗してパートナーを庇う
341,初めて好意がLV2超えた
342,初めて生活がLV2超えた
343,初めて優位がLV2超えた
344,初めて潤滑がLV2超えた
345,初めて欲情がLV2超えた,;初めて恥情がLV2超えた(大型テンプレでは恥情を374に移動)
346,初めてフィアーがLV2超えた
347,初めてC絶頂
348,初めてV絶頂
349,初めてA絶頂
350,初めてB絶頂
351,処女喪失(処女のみ)
352,セックスで射精させた
353,セックスで射精させた
354,手で射精させた
355,口で射精させた
356,口で射精させた
357,射精した(ふたなり/オトコのみ)
358,噴乳した(母乳体質のみ)
359,Ｃ感覚Lv5でＣ絶頂50以上
360,Ｖ感覚Lv5でＶ絶頂50以上
361,Ａ感覚Lv5でＡ絶頂50以上
362,Ｂ感覚Lv5でＢ絶頂50以上
363,泡踊りで射精
364,シックスナインで射精
365,四重絶頂時の口上分岐に使用,(霊夢口上固有)
366,素股で射精させた
367,足コキ射精
368,挿入Gスポット
369,挿入子宮口
370,膣酒呑み
371,キスで射精
372,髪梳き
373,櫛で梳かす
374,初めて恥情がLv2を超えた
375,助手を犯すで射精
376,3P,Wフェラ等で助手が射精
377,我慢できず押し倒される
378,初めてM絶頂
379,Ｍ感覚Lv5でＭ絶頂50以上
380,初めてのウフフ突入で[合意]を得られたかどうか
381,温泉での抱き合うで射精させた
382,カウンターで射精させられた(アナルセックス)
383,カウンターで射精させられた(セックス)
384,パートナーがフェラするで射精
385,パートナーが手淫するで射精
386,パートナーがパイズリで射精
387,パートナーがクンニで射精
388,パートナーがセックスで射精
389,イラマチオで射精
390,逆レイプで射精
391,パートナーがアナルに入れさせるで射精
392,アナル愛撫させるで実行者が射精

401,弾幕ごっこ
402,会話
403,プレゼント
404,宴会に参加
405,スキンシップ
406,遊びに行く
407,デート
408,まったりする
409,家事
410,バードキス
411,ソフトキス
412,ディープキス
413,胸愛撫
414,愛撫
415,告白する
416,愛撫
417,クンニ
418,岩清水
419,自慰（公開除く）
420,シャワーオナニー（公開除く）
421,胸愛撫
422,キス
423,何もしない
424,指挿入れ
425,Gスポット刺激
426,ローター
427,バイブ開始時
428,バイブ終了時
429,Ｅマッサージャ
430,クリキャップ開始時
431,クリキャップ終了時
432,ニプルキャップ開始時
433,ニプルキャップ終了時
434,シャワー開始時
435,シャワー終了時
436,正常位
437,後背位
438,対面座位
439,背面座位
440,乱れ牡丹
441,手淫
442,フェラチオ
443,パイズリ
444,素股
445,騎乗位
446,泡踊り
447,スパンキング
448,アイマスク開始時
449,アイマスク終了時
450,ローション使用
451,羞恥プレイ開始時
452,羞恥プレイ終了時
453,お風呂場プレイ開始時
454,お風呂場プレイ終了時
455,新妻プレイ開始時
456,新妻プレイ終了時
457,シックスナイン
458,イラマチオ
459,アナル愛撫
460,公開オナニー
461,公開シャワーオナニー
462,フェラされる
463,アナルバイブ開始時
464,アナルバイブ終了時
465,搾乳機開始時
466,搾乳機終了時
467,オナホール開始時
468,オナホール終了時
469,アナルセックス
470,逆レイプ
471,鞭
472,針
473,縄開始時
474,縄終了時
475,ボールギャグ開始時
476,ボールギャグ終了時
477,浣腸
478,排泄
479,媚薬使用
480,ビデオカメラ使用
481,野外プレイ開始時
482,野外プレイ終了時
483,助手を犯す
484,フィストファック
485,アナルフィスト
486,両穴フィスト
487,触手召喚開始時
488,触手召喚終了時
489,利尿剤
490,放尿
491,強制放尿
492,３P
493,クンニ強制
494,貝合わせ
495,シックスナイン
496,罵倒
497,秘貝開帳
498,吸血
499,吸血させる
500,コンドーム(主人/助手に付ける)
501,コンドーム(主人/助手から外す)
502,コンドーム(パートナーに付ける)
503,コンドーム(パートナーから外す)
504,コンドーム精飲(パートナー)
505,コンドーム精飲(助手)
506,コンドーム精飲(主人)
507,口移し
508,排卵誘発剤(パートナーが服用)
509,排卵誘発剤(パートナー以外が服用)
510,緊急避妊薬
511,優しくする,;TFLAG:17で内容を取得可能。17パターンほど有るので遭難注意(0:頭を撫でる、1:部屋の掃除(デフォでコメントアウト)、2:羞恥プレイ中に目を覆う、3:羞恥プレイ中に鏡の中のパートナーを見つめる、4:羞恥プレイ中に後ろから抱き締める、5:目を舐める、6:へそ;を舐める、7:背筋を舐める、8:脇を舐める、9:膝枕をしてあげる、10:首筋やうなじを舐める、11:後ろから抱き締める、12:耳元で愛を囁く、13:耳攻め、14:全身を撫でる(ローションがあると使用)、15:体を擦り付ける(ローションがあると使用)、16:くすぐる)
512,手淫する
513,パイズリする
514,正常位させる
515,後背位させる
516,騎乗位する
517,ペニバン挿入
518,お風呂を楽しむ
519,お外を楽しむ
520,お嫁さんで楽しむ
521,足コキする
522,乳の揉み合い
523,着衣指挿入れ
524,着衣Gスポ
525,セックス
526,着衣後背位
527,着衣騎乗位
528,素材探し
529,調合
530,着衣ローター開始
531,着衣ローター終了
532,羽繕い
533,甘い言葉
534,賭博
535,指フェラ
536,足扱き
537,言葉責め
538,頭を撫でる
539,願掛け
540,炬燵にあたる開始
541,炬燵にあたる終了
542,炬燵に使用中に船を漕ぐ
543,炬燵に使用中に熟睡
544,お散歩する
545,抱き合う
546,アナル舐め
547,アナルビーズ開始時
548,アナルビーズ終了時
549,正常位アナル
550,後背位アナル
551,対面座位アナル
552,背面座位アナル
553,騎乗位アナル
554,アナル奉仕強制
555,アナルバイブ付きアナル愛撫
556,アナルビーズ付きアナル愛撫
557,バイブ出し入れ,;(表示上では[指挿入れ])
558,抱き合うin温泉デート
559,ADDIN-FUNCによる、朝夜イベント回避復帰関数にて使用
560,オナホ手淫
561,スク水プレイ開始
562,スク水プレイ終了
563,サラシ
564,サラシをはずす
565,お医者プレイ開始
566,お医者プレイ終了
567,クスコ
568,クスコをはずす
569,触手挿入,;====ココからは紳士御用達の触手関連
570,触手挿入終了
571,アナル触手,IF
572,アナル触手終了
573,触手乳首責め
574,触手乳首攻め終了
575,触手搾乳
576,触手搾乳終了
577,触手緊縛開始
578,触手緊縛終了
579,触手クリ責め
580,触手クリ責め終了
581,触手浣腸
582,触手浣腸終了
583,触手口辱
584,触手口辱終了
585,触手ペニス責め
586,触手ペニス責め終了,==紳士の触手タイム終了==
587,相手のスパンキング
588,相手の言葉責め
589,相手の鞭
590,相手の針
591,相手に主導権がある状態で頭を撫でる
592,髪を梳いてもらう
593,羽繕いしてもらう
594,縁側でくつろぐ
595,フェラする(非ウフフ)
596,セックスさせる
597,クスコされる
598,炬燵かがり
599,炬燵隠れ
600,アナルに入れさせる
601,アナル愛撫させる
602,誘う

;※ここまで口上内分岐条件フラグ。
; 以上に示したのはテンプレにあるものではあるが、
; この口上には必ずしもこの番号を使わなければいけないという物では無い。
; 従って 112 を[告白失敗]用にしようが[反発感情取得]に使おうが構わない。
; また、一種類の口上に複数のフラグを使うのもＯＫ、つまり[服を脱がせる]に115、116、117の３つを使うのもアリ。
; 200、300番台を飛ばしていきなり400番台を使い出すのもアリ。
;600以降のシステム関係のCFLAG
;650,ゆーくしょんを使用かするかどうかのフラグだったけど放棄
651,口上カットY,;ゆーくしょんにおける口上カットフラグ
652,次回コマンド判定スルー,;ゆーくしょんにおける次回コマンド判定スルーフラグ
653,調教強制終了,;ゆーくしょんにおける調教強制終了関数で使用

;口上固有フラグ
;700 - 799 既に使用している番号を除き、口上内で自由に使ってよい領域
;ちなみにKFLAGという独自フラグを定義しているので、そちらを使って頂いても構いません
;701,佐々木千枝口上で使用

778,幻想郷行き先制限,;口上側で行き先を制限する場合に使用（幻想郷）
779,外界行き先制限,;口上側で行き先を制限する場合に使用（外界）
780,デート場所強制指定
781,妖怪の山強制指定,;デート場所強制指定時に妖怪の山の場所強制指定
782,固有デート場所,;口上固有デート場所追加時フラグ(1, 幻想郷 2, 外界でビット判定)

;800 - 999 システム内で使うフラグとして予約
;友情パッチ適用外キャラを示すフラグ,,,,
800,友情パッチ適用外,;,,
;SQカウンターシステムより（早苗様口上でつかってるけど、システム側でフォローされてる？）
;850→カウンターを実行するかどうか。0でオフ、1でオン（オフ時はカウンターに関する処理は行われません）
;851→パートナーが主人公をオとした回数。逆調教イベントの条件に使用

;状態異常　変数には残り時間が入る(10の位〜)
1031,スリップ状態,;★が減り続ける,;*
1032,スロウ状態,;待機時間が長くなる,;*
1033,カース状態,;ダメージの１/４が自分に返ってくる,;*時間で治療されない
1034,ストップ状態,;長時間行動不能,;*
1035,スリープ状態,;攻撃を受けるまで行動不能、スリープ中受けるダメージは2倍,;*
1036,フィアー状態,;確率で動けない,;*
1037,シール状態,;アピール、特技使用不能,;時間で治療されない
1038,ブライン状態,:
1039,気絶状態,;戦闘不能,;*
;スキル固有状態異常
;()内はTFLAG:1069で使用
;特殊状態異常の追加は使ってない状態異常の枠を使う
1041,EX状態,;スーパーKOTORIタイム！！(強化レベル)
1042,クリティカル状態,;(10の位〜→残り時間)
1043,迷走Mind,;(10の位〜→残り時間)
1044,SHINY_SMILE待機状態,;(1の位→発動までのターン数　10の位〜→使用しない)
1045,DA強化状態,;(1の位(*20%)→増加量　10の位〜→残り時間)
1046,四分身状態,;(1の位→分身数　10の位→残り分身数)
1047,アピール回数増加状態,;(1の位→増加量　10の位〜→残り時間)
1048,必中状態,;(10の位〜→残り時間)
1049,WT短縮状態,;(1の位→何%にするか（*10）　10の位〜→残り時間)
1050,カウンター状態,;(10の位〜→残り時間)
1051,VO強化状態
1052,クリティカルアップ状態,;(1の位→上昇量(*10)　10の位〜→残り時間)
1053,状態異常無効状態,;(10の位〜→残り時間);
1054,アピール強化状態,;(1の位→強化量　10の位〜→残り時間)
1055,アピール半減状態,;(10の位〜→残り時間)
1056,アピール無効状態,;(10の位〜→残り時間)
1057,アピール反射状態,;(10の位〜→残り時間)
1058,,;(1の位→増加量　10の位〜→残り時間)
1059,状態(10の位〜→残り時間)
1060,行動回数増加状態,;(1の位→レベル　10の位〜→残り時間)
1061,時の祝福状態,;((10の位〜→残り時間))
1062,時の石版状態,;((10の位〜→残り時間))
1063,被ダメージ上昇状態,;(1の位(*20%)→増加量　10の位〜→残り時間)
1064,戦線離脱状態,;.(空を飛ぶなど系),;
1065,フォームチェンジ状態,;
1066,不屈の闘志状態,;(★こらえる状態)
1067,半減状態,;(10の位〜→残り時間)
1068,四半減状態,;(10の位〜→残り時間)
1069,リレイズ状態,;(1の位→復活回数　10の位〜→使わない)
1070,アブソリュート・フィールド状態,;（無効にする値を指定できる）(1の位→消費量　10の位〜→残り時間)
1071,無敵状態,;(残り回数)
1072,リジェネ状態,;（★オートヒール）状態(1の位→回復量　10の位〜→残り時間)
1073,ハートオートヒール状態,;(1の位→回復量　10の位〜→残り時間)
1074,コスモスコスモス状態,;攻撃を全て引き受ける状態。(1の位→未使用　10の位〜→残り時間)
1075,バーストアピール状態,;(1の位→倍加回数)
1076,ガード状態,;（ガードが崩れた！）
1077,全力ガード状態,;(レベル)
1078,,;(10の位〜→残り時間)
1079,継続★減少,;(1の位→(*10)減少　10の位〜→残り時間)
1080,VI強化状態
1081,分身状態,;(1の位→レベル　10の位〜→残り時間)
1082,,,;(倍率(100%基準))二つ
1083,,;(倍率(100%基準))
1084,,;(倍率(100%基準))
1085,,;(倍率(100%基準))
1086,,;(1の位→レベル　10の位〜→残り時間)
1087,変身準備状態,;(変身前に着ていた服をビット演算で保持　1：上　2：下　4：胸　8：秘　16：状態ON)
1089,かばう状態,;(1の位→レベル(瀕死とみなす割合)　10の位〜→残り時間)
1090,消費ハート軽減状態,;(1の位→レベル　10の位〜→残り時間)
1091,変身状態,;(強化量)
;必要の無い物は消すこと
1095,現在状態,;(-1：行動不能　0：待機中　1：通常攻撃準備　2：通常弾幕準備　3〜：対応スキル準備)
1096,残り待機時間
;SELECT_TARGET_POSITION(ARG:0)の範囲
;ARG:0　＝　0:敵単体　1:敵全体　2:自分　3:味方単体　4:味方全体
1097,行動の対象,;(1〜5：味方　11〜20：敵　30：自分　31：味方全体　32：敵全体　33：敵味方全体)
1098,集中フラグ

;戦闘中の変化量　下3ケタ→変化量(％表記。000→0　050→半減　200→2倍)　4桁目〜→残り時間
;初期値の0だと0％と見られるが、残り時間0なので無視できる
;;
1130,変化★
1131,変化ハート
1132,変化POW
1133,変化GUA
1134,変化DEX
1135,変化HIT
1136,変化SPD
1137,変化LUC
;戦闘中の変化量　下3ケタ→変化量(100基準の定量表記。000→-100　050→-50　130→+30)　4桁目〜→残り時間
;初期値の0だと-100と見られるが、残り時間0なので無視できる
;;;
1138,変化VO耐性
1139,変化VI耐性
1140,変化DA耐性
1141,変化EX耐性
1142,変化スリップ耐性
1143,変化スロウ耐性
1144,変化カース耐性
1145,変化ストップ耐性
1146,変化スリープ耐性
1147,変化フィアー耐性
1148,変化シール耐性
1149,変化ブライン耐性
1150,変化気絶耐性

;LIVEバトル中で使う特殊スキル用フラグ
1198,SHINY_SMILE

1200,変化レベル
1201,変化VO
1202,変化VI
1203,変化DA

1207,変化★耐性
1208,変化ハート耐性
1209,変化POW耐性
1210,変化GUA耐性
1211,変化DEX耐性
1212,変化HIT耐性
1213,変化SPD耐性
1214,変化LUC耐性

1225,消費ハート軽減
1226,攻撃回数増加
1227,ドレイン
1228,背水の陣,;キューソネコカミ,;（★が少なくなるほどパワーアップ）
;1229,アイテムクリティカル
1241,変化加算POW
1242,変化加算GUA
1243,変化加算SPD
1244,変化吸収POW,;上書きされていく
;
1267,変化前最大★保存
1268,変化前最大ハート保存
;敵用CFLAG→敵だけなので、必要ならもっと後ろにずらしてもいい
1270,行動時特定キャラ指定用,;(敵による味方単体スキルなどで指定　1〜10)
1271,ターゲット決定基準値1
1272,ターゲット決定基準値2
1273,ターゲット決定基準値3
1274,ターゲット決定基準値4
1275,ターゲット決定基準値5
1276,ボスフラグ,;（スリップダメージ軽減など）
1277,行動不能回避,;0:選択不可能を気にしない　1:選択不可能回避　2〜:指定回数だけ選択不可能
1278,行動AI,;(ビット演算)　0:通常　1:低HP/EP優先　2:後衛優先　4:ダメージ強化異常(性攻撃なら恍惚とか)優先　8:高HP/EP優先
1279,敵攻撃軽減割合
1280,能力低下抵抗率
1281,特殊処理用フラグ,;(N回目の行動、などに利用)
1282,敵★
1283,敵ハート
1284,敵V
1285,通常行動速度補正,;(主に雑魚用) 0や100で100％　120で120％etc
1286,回避ボーナス
1287,獲得経験値
1288,獲得金額
1289,ランク毎の獲得低減率
1290,ドロップアイテム1
1291,ドロップ確率1,;(1/10000単位で表記)
1292,ドロップアイテム2
1293,ドロップ確率2,;(1/10000単位で表記)
1294,ドロップアイテム3
1295,ドロップ確率3,;(1/10000単位で表記)
1296,通常行動1
1297,通常行動2
1298,通常行動3
1299,通常行動4
1300,通常行動5
1301,通常行動6
1302,通常行動7
1303,通常行動8
1304,通常行動9
1305,通常行動10

1310,X座標
1311,Y座標


;エラー回避用
1400,クリティカルアップ
1401,経験値アップ

1417,
1418,
1419,
1420,
1421,
1422,
1423,
1424,
1425,
1426,
1428,


