1,装着中服ID,;
2,HEAD
3,BODY
4,HAND
5,LEG
6,お守り
7,
8,
;キャラクターに設定する衣装
;色指定をするならまた別のフラグを使って服に色を付ける
;着ぐるみ、割烹着,エプロンドレス
10,コスプレ服,;		(1=学ラン/2=セーラー服/3=ブルマ/4=水着/5=スク水（紺）/6=スク水（白）/7=白衣/8=ナース服/9=女性警官制服/10=ボンテージ/11=浴衣/12=巫女服/13=セーラー水着/14=初音ミクコス/15=メイド服/16=スモック/17=リボン/18=ヨガウェア/19=魔法少女コス/20=ゴスロリ服/21=バニーガール/22=Yシャツ/23普段着=/24=主人公の服)
11,手,;		(1=手袋/2=袖/3=羽衣)
12,靴下,;		(1=ソックス/2=ニーソックス/3=ガーターストッキング/4=ハイソックス/5=足袋)
13,下着（下）,;		(1=ドロワーズ/2=パンティ/3=トランクス/4=パンティーストッキング/5=ガーターベルト/6=ふんどし/7=ブリーフ/8=ペチコート/9=スキャンティ/10=紐パン/11=アンダースコート/12=/13=/14=/15=/)
14,下着（上）,;		(1=ブラジャー/2=スポーツブラ/3=さらし/4=キャミソール/5=大胸筋矯正サポーター/6=オープンブラ/7=)
15,ボトムス,;		(1=スカート/2=キュロット/3=もんぺ/4=ズボン/5=スパッツ/6=タイツ/7=ロングスカート/8=トレパン/9=ハーフパンツ/10=ショートパンツ/11=スウェット/12=ジーンズ/13=半ズボン/14=ホットパンツ/15=ミニスカート/16=)
16,インナー,;		(1=キャミソール/2=シャツ/3=タンクトップ/4=チューブトップ/5=ブラウス/6=ベアトップ/7=カーディガン/8=ジャケット/9=ジャンパー/10=セーター/11=トレーナー/12=パーカー/13=ブレザー/14=ケープ/15=ブルゾン/16=カットソー/17=ベスト/18=コート/19=チュニック/20=Tシャツ/21=ノースリーブ)
17,アウター,;		(1=キャミソール/2=シャツ/3=タンクトップ/4=チューブトップ/5=ブラウス/6=ベアトップ/7=カーディガン/8=ジャケット/9=ジャンパー/10=セーター/11=トレーナー/12=パーカー/13=ブレザー/14=ケープ/15=ブルゾン/16=カットソー/17=ベスト/18=コート/19=チュニック/20=Tシャツ/21=ノースリーブ)
18,上下一体服,;		(1=和服/2=スーツ/3=タキシード/4=ドレス/5=燕尾服/6=背広/7=つなぎ/8=オールインワン/9=コンビネゾン/10=ジャンプスーツ/11=ロンパース/12=サロペット/13=オーバーオール/14=ポンチョ/15=ワンピース/16=ネグリジェ/17=エプロン/18=/19=/20=)
19,下着（上下一体）,;			(1=ビスチェ/2=ベビードール/4=/5=/6=/7=/8=/9=/0=)
20,頭,;			(1=帽子/2=麦わら帽子/3=フード/4=テンガロンハット /5=魔女帽子/6=キャスケット/7=キャップ/8=サンバイザー/9=花冠/10=リボン/11=髪留め/12=インカム/13=シュシュ/14=カチューシャ)
21,靴
22,オプション1,;	(1=眼鏡/2=ネクタイ/3=イヤリング/4=エプロン/5=ピアス)
23,オプション2,;	(1=/2=/3=/4=/5=/6=/7=/8=/9=/0=)
24,オプション3,;
25,オプション4,;ウフフ時脱ぐ(ネクタイなど)
26,オプション5,;ウフフ時脱ぐ
27,膣
28,乳首
29,クリトリス
30,アナル
;40〜56=10〜26の形容詞
