;ウフフ系経験

0,Ｖ経験
1,Ａ経験
2,絶頂経験
3,射精経験
4,Ｂ経験
5,Ｃ経験
6,Ｍ経験

10,自慰経験
11,強制自慰経験

20,精液経験
21,奉仕快楽経験
22,フェラ経験
23,愛情経験
24,膣射経験
25,精飲経験

30,苦痛快楽経験
31,放尿経験
32,Ａ快楽経験

40,レズ経験
41,ＢＬ経験

50,異常経験
51,緊縛経験
52,Ｖ拡張経験
53,Ａ拡張経験
54,噴乳経験
55,触手経験
56,吸血経験
57,被吸血経験
60,産卵経験
61,出産経験

;日常系経験
;89,調合経験
88,指導経験
89,舞踊経験
90,家事経験
91,撮影経験
92,被写経験
93,歌唱経験
94,デート経験
;95,戦闘経験
96,キス経験
97,主導経験
98,記憶消去経験

;------ココ以下は初期では設定しない--------------

110,経験値,;0番に総量を保存

121,開発Pt
122,開発Pt総計

;130ダミー
;130,精飲経験
131,Ａ性交経験
132,Ｖ性交経験
133,調教自慰経験
134,嗜虐快楽経験
135,口淫経験
136,手淫経験
137,パイズリ経験
140,道具使用経験
141,料理経験
144,学習経験
