0,ローター,200,
1,バイブ,500,
;2,Ｅマッサージャ,5000,
3,アナルバイブ,5000,
4,ペニスバンド,2000,
5,アイマスク,4000,
6,ビデオカメラ,7000,
;7,クリキャップ,2000,
;8,二プルキャップ,3000,
9,ボールギャグ,1000,
10,鞭,200,
11,針,5000,
12,オナホール,4000,
13,プレイマット,5000,;お風呂場でプレイの幅が広がる
14,縄,3000,
;15,浣腸器＋プラグ,8000,
16,大鏡,30000,;羞恥プレイが可能になる
;17,搾乳器,1500,
18,首輪,5000,;野外プレイが可能になる
19,エプロン,10000,;新妻プレイが可能になる
20,アナルビーズ,7000,
;21,空気ポンプ,10000,
;22,拡張バルーン,30000,
;23,電極プラグ,50000,
24,触手使役術,10000,;触手調教が可能になる
25,ローション,200,
26,媚薬,2000,
27,利尿剤,1000,
28,ビデオテープ,500,;ビデオカメラの使用に必要。使い捨て
29,コンドーム,100,;避妊することこそ愛
;30,具材セット,2000,;女体盛りを実行するために必要
;31,蓋付き瓶,1000,;母乳や黄金水を採取するために必要
33,排卵誘発剤,50000,;孕ませるのもまた愛の形
34,緊急避妊薬,2000,;モーニングアフターピルのこと。中出ししたいけど妊娠は嫌だというわがままさん向け
35,オムツ,100,;使い捨て
;;25～38番までは複数購入できる道具用の枠に
	;;40番からは新規に実装された調教アイテムを。今のところ59番のみ別枠扱いなのは調教強化の道具であるため
40,クスコ,10000,
;41,注射セット,50000,
;42,聴診器,30000,;お医者プレイが可能になる
;43,サラシ,20000,;奴隷の胸にサラシを巻くことができるようになる
;44,スクール水着,50000,;スク水プレイが可能になる。フリーサイズ
45,マイク,40000,;野外ライブを開くことができる
;46,プラカード,4000,;公衆便所プレイをするために必要
51,櫛,1000,;髪を梳かす事が出来るようになる
52,炬燵,20000,;冬場の必需品にして、日本最大の発明品！電源が無い場合の熱源は火鉢と一緒
;59,編集機材,50000,;ビデオ売却価格が上がる
	;;60番からは能力獲得のアイテムを。
60,【技巧Lv】,5000,;プレイヤーの技巧を上昇
;61,【撮影技能】,30000,; プレイヤーのABL:撮影技術をあげる
62,【汚れ無視】,10000,;プレイヤーにABL:汚れ無視がつく
63,【サド】,50000,;プレイヤーにABL:サドがつく
64,【早漏】,10000,;プレイヤーにABL:早漏がつく
;65,【調合知識】,80000,;プレイヤーにABL:調合知識がつく
66,【禁断の知識】,80000,;プレイヤーにABL:禁断の知識がつく
67,【変身魔法】,50000,;プレイヤーにABL:変身魔法を使う程度の能力がつく
68,【結界操作】,50000,;プレイヤーにABL:結界を操る程度の能力がつく
	;;70番からは体質変化の薬等を。「？薬の材料」はCSVのみ残って、実際のSHOPには処理がなかったので削除
70,元気になる薬,1000,;体力を回復する
71,薬の材料(双),20000,;ふたなりにする
72,薬の材料(消),10000,;ふたなりを消去する
73,青の飴玉,20000,;体が成長するキャンディ。母乳体質になる
74,赤の飴玉,20000,;体が若返るキャンディ。処女膜が再生する
75,豊胸剤,20000,;胸の大きさを1段階上げる。爆乳使用不可
76,縮胸剤,10000,;胸の大きさを1段階下げる。絶壁使用不可
77,止乳剤,5000,;母乳が出なくなる
78,尿漏れ改善薬,5000,;お漏らし癖が直る。
;79,黄の飴玉,20000,;胎児を早期出産させて母胎外で育てるようになる。妊娠中に使うと産卵する
	;;80番以降は何か特殊なアイテムの枠に
80,金の飴玉,30000,;小柄体型持ちを成長させる
;81,黒の飴玉,50000,;EX化させる
83,虹の飴玉,500000,;プレイヤーの性別を変える
;;85,エンゲージリング,1000000,;すべてを捨てて、愛しのあの子と添い遂げる
86,赤い首輪,1000000,;主人の専属奴隷となる契約を立てた証
87,隷属の証,100000,;永遠に主人の妾となる誓いを立てた証
97,電池,500
98,記憶消去薬,100000,;処女、ふたなり、母乳体質、経験、感覚の変化を残した状態で、残りのパラメータを全て初期化
;99,【未知への翼】,10,;初月モードに突入
;LIVEバトル系
101,スタミナドリンク,100,;スコアが30回復する
102,ミドルスタミナドリンク,800,;スコアが100回復する
103,ハイスタミナドリンク,6000,;スコアが200回復する
104,エクススタミナドリンク,10000,;スコアが完全回復する
105,ソーマドリンク,5000,;全員のスコアが50回復する
106,ハイソーマドリンク,1000,;全員のスコアが150回復する
107,エクスソーマドリンク,30000,;全員のスコアが完全回復する
108,
109,
110,エナジードリンク,500,;テンションが15回復する
111,ミドルエナジードリンク,1500,;テンションが50回復する
112,ハイエナジードリンク,50000,;テンションが100回復する
113,エクスエナジードリンク,100000,;テンションが完全回復する
114,
115,テキーラ,1000,;ボルテージが10上昇する
116,スピリタス,20000,;ボルテージが30上昇する
117,キングテキーラ,100000,;ボルテージが100上昇する
118,
119,
120,オレンジジュース,500,;状態異常を回復する
121,ゴールデンオレンジジュース,6000,;全員の状態異常を回復する
122,
123,アウェイクンドリンク,500,;戦闘不能をスコア20で回復する
124,ラストアウェイクンドリンク,20000,;戦闘不能をスコア完全回復で回復する
125,スペシフィックⅠ,30000,;スコアが200、テンションが30回復する
126,スペシフィックⅡ,60000,;スコアが300、テンションが50回復する
127,スペシフィックⅢ,120000,;スコアとテンションを完全回復する
128,エリキシル剤,1,;戦闘不能を含む全状態異常とスコア、テンションを完全回復する
129,ラストエリキシル剤,1,;

150,
151,ボーカルボム,500,;ボーカル属性で50のダメージを与える
152,ダンスボム,500,;ダンス属性で50のダメージを与える
153,ビジュアルボム,500,;ビジュアル属性で50のダメージを与える
154,メガボーカルボム,1,;ボーカル属性で200のダメージを与える
155,メガダンスボム,1,;ダンス属性で200のダメージを与える
156,メガビジュアルボム,1,;ビジュアル属性で200のダメージを与える
157,テラボーカルボム,1,;ボーカル属性で500のダメージを与える
158,テラダンスボム,1,;ダンス属性で500のダメージを与える
159,テラビジュアルボム,1,;ビジュアル属性で500のダメージを与える
;
180,
181,スコップ,1,;戦闘から確実に逃げる
190,
191,セイレーンの素,1,;Vo+1
192,ヴィーナスの素,1,;Vi+1
193,マーズの素,1,;Da+1
;200 - 500 スコア
;Voスコア
201,太陽のジェラシー,5000,;[消費20]敵小範囲にVo.属性ダメージ+スリープ付加;162
202,乙女よ大志を抱け！,5000,;[消費47]敵大範囲にVo.属性ダメージ＋タイムカード3枚セット;69*5
203,鳥の詩,5000,;[消費21]敵大範囲にVo.属性ダメージ・中＋POW低下
204,遠い音楽,5000,;[消費17]敵大範囲にフィアー付与
205,蒼い鳥,5000,;[消費34]敵全体にVo.属性大ダメージ
206,魔法をかけて！,5000,;[消費43]味方全体の状態異常を回復＋POW、SPD、GUAを上昇
207,my song,5000,;[消費22]残り★に反比例して自身の能力値上昇＆★回復
208,フタリの記憶,5000,;[消費31]敵小範囲にVo.属性ダメージと共に選択した状態異常を与える
209,きゅんっ！ヴァンパイアガール,5000,;[消費40]敵単体にGUA無視のVo.属性ダメージ＋スリップ状態・ブライン状態・カース状態を一度に発生させる
210,迷走Mind,5000,;[消費14]GUAを1にするのと引き換えにPOWを大幅に上昇
;211,恋するミカタ,5000,;
212,arcadia,5000,;[消費54]敵全体にランダムでVo.属性ダメージ×自分のレベル
213,隣に…,5000,;[消費60]味方小範囲の★回復・超。戦闘不能回復。状態異常、能力低下回復。ハート回復
214,まっすぐ,5000,;[消費20]味方全体のスリップ、ブライン、カース、シール、フィアー状態を回復
215,思い出をありがとう,5000,;[消費23]敵全体のHIT・SPD・POWを低下
216,Brand New Day!,5000,;[消費43]味方全体のアピール回数を増加
217,9:02pm,5000,;[消費48]味方全体にリレイズ付与
;218,"HELLO!!",5000,;
;219,またね,5000,;
;220,神さまのBirthday,5000,;
221,i,5000,;[消費30]味方単体の★回復・中。★継続回復
;222,The world is all one !!,5000,;
223,ALIVE,5000,;[消費14]敵単体にVo.属性ダメージ×4。確率で連続行動
;224,LOST,5000,;
;225,約束,5000,;
226,深紅,5000,;[消費26]自分の全能力値上昇
;227,島唄,5000,;
228,SMOKY THRILL,5000,;[消費50]GUA半分無視のVo.属性ダメージ（追加ダメージ+30）×3＋スロウ付与
229,チアリングレター,5000,;[消費27]敵単体にVo.属性ダメージ＋気絶付与
230,ナツノハナ,5000,;[消費26]自分の★に反比例して味方全体の★回復＋★継続回復効果
;231,花,5000,;
;232,涙そうそう,5000,;
233,光,5000,;[消費55]敵全体の時の流れを遅くする
;234,Kiss Me Good-Bye,5000,;
235,ウィスキーが、お好きでしょ,5000,;[消費15]★を回復+ボルテージ微増
236,笑って!,5000,;[消費10]味方単体の★回復
;237,ハッピース,5000,;
;238,さよならをありがとう,5000,;
239,悠久の旅人,5000,;[消費60]自分を除く全員を強制的にストップ状態にする
240,悲しみよこんにちは,5000,;[消費18]敵単体にVo.属性ダメージ＋フィアー付加
;241,
;242,メルト
;243,ワールドイズマイン
;244,千本桜
245,
246,白い犬,5000,;[消費23]敵小範囲にVo.属性ダメージ+スリップ付加
247,強い女,5000,;[消費15]味方単体のPOW上昇＋Vo.耐性上昇
248,EXCAVATE,5000,;[消費20]敵全体にブライン付加
249,
250,
251,
252,
253,
254,
255,
256,
257,
258,
259,
260,
261,
262,
263,
264,
265,
266,
267,
268,
269,
270,
271,
272,
273,
274,
275,
276,
277,
278,
279,
280,
281,
282,
283,
284,
285,
286,
287,
288,
289,
290,
291,
292,
293,
294,
295,
296,
297,
298,
299,
300,
;Vi.スコア
;301,グレゴリオ,5000,;
;302,さよならエトランゼ,5000,;
303,目が逢う瞬間,5000,;[消費32]敵小範囲にVi.属性ダメージ・大
;304,Here We go!!,5000,
;305,ストレートラブ！,5000,;
306,shiny smile,5000,;[消費40]使用してから2ターン後に強力なダメージ
307,My Best Friend,5000,;[消費30]敵単体にVi.属性ダメージ＋WT押し戻し(中)
308,バレンタインkiss,5000,:[消費21]敵単体にダメージ+能力値上昇を解除
;309,ポジティブ！,5000,;
;310,L・O・B・M,5000,;
311,私はアイドル,5000,;[消費24]自分に行動後のWT短縮付与
312,愛 LIKE ハンバーガー,5000,;[消費48]味方全体のハートが毎ターン回復
313,Colorful Days,5000,;[消費26]3属性耐性上昇
314,おはよう！！朝ご飯,5000,;[消費10]味方単体の★回復
315,いっぱい、いっぱい,5000,;[消費61]敵単体に防御無視のVi.属性ダメージ+スロウ付与+全能力低下+味方全体のSPD上昇
;316,ふるふるフューチャー☆,5000,;
;317,Little Match Girl,5000,;
318,MEGARE!,5000,;[消費20]気絶状態を回復
;319,自分REST@RT,5000,;
;320,私たちはずっと…でしょう？,5000,;
321,プリコグ,5000,;[消費64]敵単体にVi.属性ダメージ＋高確率でスリープ、ブライン付加＋WT押し戻し（大）
322,
323,THE 愛,5000,;[消費40]味方全体の★回復+気絶回復
324,ARLIGHT*,5000,;[消費37]味方全体の★回復＋状態異常回復
;325,七彩ボタン,5000,;
326,自転車,5000,;[消費35]好感度依存のVi.属性必中ダメージ・中×3
327,メリー,5000,;[消費24]全状態異常回復+GUA上昇
328,フラワーガール,5000,;[消費57]敵単体にVi.属性ダメージ×4＋WT押し戻し(大)
329,すいみん不足,5000,;[消費16]敵全体にVi.属性ダメージ+スリープ付加
;330,晴れ色,5000,;
;331,resolution,5000,;
332,ゲンキトリッパー,5000,[消費15]味方単体にPOW上昇＋VO.耐性付与
;333,おもいでのはじまり,5000,;
334,
;335,サニー,5000,;
336,スキ,5000,;[消費13]敵中範囲にVi.属性ダメージ
337,あったかな雪,5000,;[消費22]敵全体のSPD,GUA低下
338,YES♪,5000,;[消費43]味方全体の全能力を上昇+クリティカル率20％上昇
;339,チェリー,5000,;
;340,ラビットパニック,5000,;
341,黒い犬,5000,;[消費18]敵大範囲Vi.属性ダメージ・小+POW低下
342,ガーネット,5000,;[消費23]敵小範囲にVi.属性ダメージ+選択した能力値を低下
343,
344,Mythmaker,5000,;[消費45]味方全体に一度だけ敵のアピールを無効にするバリアを張る
345,
346,禁恋歌,5000,;[消費7]敵単体に必中Vi.属性ダメージ+シール付加
347,Shooting!!!,5000,;[消費10]敵単体に必中Vi.属性ダメージ＋POW低下
348,旅の途中で,5000,;[消費10]敵全体のPOWを下げる
349,Tower of Adventure,5000,;[消費18]敵全体のGUAを下げる
350,Fly High!,5000,;[消費25]味方全体のGUA上昇＋Vi.耐性上昇
351,
352,
353,
354,
355,
356,
357,
358,
359,
360,
361,
362,
363,
364,
365,
366,
367,
368,
369,
370,
371,
372,
373,
374,
375,
376,
377,
378,
379,
380,
381,
382,
383,
384,
385,
386,
387,
388,
389,
390,
391,
392,
393,
394,
395,
396,
397,
398,
399,
;Da.アピール
400,
401,GO MY WAY!!,5000,;[消費36]敵全体にDa.属性ダメージ;271
402,I WANT,5000,[消費24]敵単体にDa.属性ダメージ＋与えたダメージの半分を自分の★に還元;48
403,inferno,5000,;[消費19]敵単体にDa.属性ダメージ・中＋GUA低下
;404,
405,キラメキラリ,5000,;[消費55]味方単体に時の祝福+★一時増加+SPD上昇
406,エージェント夜を往く,5000,;[消費34]3～6回Da.属性ダメージ＋SPD低下
407,relations,5000,[消費43]敵単体に好感度に依存するDa.属性ダメージ+Vi.属性ダメージ
408,マリオネットの心,5000,;[消費58]敵全体に好感度に依存するDa.属性ダメージ
409,ID:[OL],5000,;[消費54]敵全体の★を吸収
;410,リゾラ,5000,;
411,Do-Dai,5000,;[消費35]敵全体にDa.属性ダメージ+ジャンパイの役によって追加ダメージ
;412,Honey Heartbeat,5000,;
;413,スタ→トスタ→,5000,;
414,First Stage,5000,;[消費19]味方全体のGUAを上昇させる+状態異常軽減
415,Kosmos.Cosmos,5000,;[消費46]敵のアピールを全て自分が引き受ける
416,オーバーマスター,5000,;[消費51]味方全体のSPD上昇+ハート消費を軽減
;417,CHANGE!!!!,5000,;
;418,キミはメロディ,5000,;
;419,神SUMMER!!,5000,;
420,Dazzling World,5000,;[消費49]敵単体のGUAを減少＋ブライン・カース・スリップを一度に発生させる＋数ターン継続ダメージ
;421,DREAM,5000,;
;422,ハニカミ！ファーストバイト,5000,;
;423,ambivalent world,5000,;
;424,黎明スターライン,5000,;
;425,おとなのはじまり,5000,;
426,Next Life,5000,;[消費50]自分に2回行動効果付与
427,月のワルツ,5000,;[消費27]敵単体にDa.属性ダメージ。VLによってアピール回数が変化
;428,笑顔のゲンキ,5000,;
429,sugar sweet nightmere,5000,;[消費15]敵単体にDa.属性ダメージ+スリープ付加
430,livE,5000,;[消費26]敵全体にDa.属性ダメージ+状態異常耐性を下げる
431,We just started,5000,;[消費13]敵単体にDa.属性ダメージ+対象のPOWを吸収
432,今 スタート!,5000,;[消費26]敵小範囲に強力なDa.属性ダメージ×2
;433,ショッキングな彼,5000,;
434,KisS,5000,;[消費14]敵単体にDa.属性ダメージ（残りハートに比例）
;435,シャララ,5000,;
436,いっしょ,5000,;[消費16]味方全体のPOWを上昇
437,It's Show,5000,;[消費10]敵単体にGUA無視のDa.属性ダメージ
;438,
;439,
;440,
441,納涼！舞ちゃんルンバ,5000,;[消費56]4人に分身する
442,大漁！舞ちゃんマンボ,5000,;[消費40]敵全体にDa.属性ダメージ
443,Slapp Happy!!,5000,;[消費20]敵全体にスリープ付与
444,チクタク,5000,;[消費23]敵全体にスロウ付与
445,
446,
447,飛べ!スカイキッド,5000,;[消費16]敵全体のSPDを下げる
448,ハリキリ★ラリー,5000,;[消費16]敵単体にDa.属性ダメージ＋HIT・DEXを下げる
449,うれし・あやかし道中記,5000,;[消費22]味方全体のSPD上昇＋Da.耐性上昇
450,Labyrinth,5000,;[消費8]敵単体にDa.属性ダメージ＋カース付加
;451,乙女心盗んで!,5000,;
;452,L<>R,5000,;
453,
454,
455,
456,
457,
458,
459,
460,
461,
462,
463,
464,
465,
466,
467,
468,
469,
470,
471,
472,
473,
474,
475,
476,
477,
478,
479,
480,
481,
482,
483,
484,
485,
486,
487,
488,
489,
490,
491,
492,
493,
494,
495,
496,
497,
498,
499,
;;J用アイテム各種
500,シダーウッド,2,;消費体力-10％のお香						レア度☆☆
501,サイプレスウッド,3,;消費体力-20％のお香					レア度☆☆☆
502,アローズウッド,5,;消費体力-50％のお香					レア度☆☆☆☆☆
503,ペパーミント,2,;消費気力-10％のお香						レア度☆☆
504,メリッサ,3,;消費気力-20％のお香							レア度☆☆☆
505,ミルトス,5,;消費気力-50％のお香							レア度☆☆☆☆☆
506,ジャスミン,2,;ムード+2のお香							レア度☆☆
507,ラヴェンダー,3,;ムード+4のお香							レア度☆☆☆
508,ムスク,5,;ムード+10のお香								レア度☆☆☆☆☆
509,フランキンセンス,5,;消費体力・気力-30％、ムード+5のお香	レア度☆☆☆☆☆
;惚れ薬の名前は変わるかも
510,惚れ薬ホレールＡ,1,;好感度+50の食事						レア度☆
511,惚れ薬シチリンＸ,3,;好感度+200の食事					レア度☆☆☆
512,惚れ薬ヤゴコロＺ,5,;好感度+2000の食事					レア度☆☆☆☆☆「
;ハーブで酔わせる(マタタビ的な)ハーブからお香やより強力なアイテムを精製できる
513,セージ,1,;元気値+20のおハーブ							レア度☆
514,ラベンダー,3,;元気値+40のおハーブ						レア度☆☆☆
515,ローズマリー,5,;元気値+100のハーブ						レア度☆☆☆☆☆
516,お天気ママさん,4,;晴れと雨を入れ替える					レア度☆☆☆☆
517,元気ドリンコ,6,;体力・気力を全回復する					レア度ＭＡＸ
518,天界の桃,6,;体力・気力上限+100							レア度ＭＡＸ

519,新芽のエキス,3,;一時的に貧乳にするエキス				レア度☆☆☆
520,若木のエキス,3,;一時的に乳を普通サイズにするエキス		レア度☆☆☆
521,大樹のエキス,3,;一時的に巨乳にするエキス				レア度☆☆☆
522,朝の雫,4,;一時的に小柄体型にするエキス					レア度☆☆☆☆
523,夜の雫,4,;一時的に小型体型をなくすエキス				レア度☆☆☆☆
524,紫色の秘薬,5,;一時的に敏感体質になれる秘薬				レア度☆☆☆☆☆
525,満月の秘薬,4,;一時的に獣耳になれる秘薬					レア度☆☆☆☆
526,娼婦の秘薬,4,;一時的に魔性のテクニックを得られる秘薬	レア度☆☆☆☆☆
527,赤色の秘薬,6,;一時的に体力の上限がなくなる秘薬			レア度ＭＡＸ
528,桃色の秘薬,3,;一時的にパートナーを発情させる秘薬		レア度☆☆☆

;600 - 1000 衣装
;衣装
;FLORAL
601,ザ☆ワイルドストロベリー,0
602,バイタルサンフラワー,0
603,モーニンググローリーJP,0
604,ダリアノワール,0
605,リリーオブグレン,7
606,タータンチェックローズ,3,; → 2
607,ビターショコラミント,1
608,モルフォハイドランジア,3
609,スウィートタンジェリン,1
610,レイクサイドパンジー,2
611,シャイニングオーキッド,0
612,クリーミーラズベリー,3
613,フォーチュンクローバー,4
614,サクラストーム,4
615,セントアイリス,4
616,イブニングカンパニュラ,4
617,ノルディックブルーベリー,3
618,ジャパネスクボタン,5
619,バレンタインプラム,5
620,ウィンディチェリーズ,5
621,チューリップフィールド,5
622,アゼリアブライド,6
623,ファンシーペチュニア,6
624,ホットサマーシトラス,6
625,ハピネスルピナス,6
626,エレガントIVY,6
627,
628,
629,
630,
631,
632,
633,
634,
635,
;LUXURY
701,ピンクダイヤモンド765,0
702,パウダースノーホワイティ,0
703,エバーグリーンリーブス,0
704,ギルデッドマドモアゼル,0
705,メイデンインブラック,1
706,スカーレットスプライト,3,; → 1
707,セイクリッドジラフ,1
708,ワイルドアニマルテイマー,7
709,グッドラックターコイズ,2
710,ハーツイーズアメシスト,7
711,ジャングルサバイバー,3
712,スカイパズラー,3
713,ファイアオパール７６ｃｔ,4
714,ベイビーブルージャガー,4
715,デザートトラベラー,4
716,クラッシーモノグラム,4
717,ナイトオンステージ,5
718,ストライプフォレスター,5
719,ダンシングタイガー,5
720,オーシャンブルーレース,5
721,モノクロームカウガール,6
722,レザードクィーン,6
723,スタイリッシュデニム,6
724,トワイライトサファリ,6
725,スネーキーショーガール,6
726,ハイネスルージュ,5
727,
728,
729,
730,
731,
732,
733,
734,
735,
;STARRY
801,チャーミングヴィーナス,0
802,ビューティフルアース,0
803,バイナリースターR&B,0
804,ファンキーサテライト,0
805,ピュアホワイトノヴァ,7
806,ピッチブラックプローブ,1
807,ピンキースタークラスター,1
808,ジェイドスターダスト,3
809,レッドシフトボーダー,2
810,パステルミルキーウェイ,7
811,サイバースターシップ,2
812,ディープスペースドリーム,3
813,プレアデスＭ４５,4
814,パズルデルソル,4
815,オリオンネビュラ,4
816,レディアントスターボウ,5,
817,ホロスコープキャスター,5
818,ムーンライトシャンパン,5
819,カシオペアハート,5
820,ブラックスワンＸ－１,6
821,バイオレットライトニング,6
822,インターステラフライヤー,6
823,エターナルテラ＆ルナ,6
824,ハニカムアストロノート,3
825,ビジターフロムスペース,3
826,ネクストオービター,5
827,
828,
829,
830,
831,
832,
833,
834,
835,
;EXTEND
901,キャンディレディ,3
902,ビヨンドザスターズ,10
903,フラALOHAガール,10
904,パレスオブドラゴン,10
905,グッドスリープパジャマ,3
906,トレーニングウェア,3
907,ヨガウェア,2
908,ビューティミズギ,3
909,天使のミズギ,3
910,スクールデイズブレザー,4
911,ラフタイムスクール,3
912,スノーフレークリリパット,7
913,ザベストスクールメイト,7
914,ストリートホッパー,7
915,バーガースケーター,7
916,プリンセスメロディ♪,10
917,アイドル＠スクール,7
918,セーラーミズギ,8
919,ミクオリジナル,10
920,ホーリーナイトギフター,8
921,ワイヤードマリオネット,8
922,８７６プロ★キュート愛,10
923,チェンジ２ＭＹカラー,8
924,ミクアペンド,10
925,スクールガールウェア,8
926,７６５学園ジャージ,9
927,８７６プロ★クール絵理,10
928,フォーエバースター☆☆☆,9
929,マイディアヴァンパイア,9
930,８７６プロ★コズミック涼,10
931,７６５スクールミズギ,9
932,ビビッドビキニ,9
933,カラフルバレリーナ,8
934,パンキッシュゴシック,11
935,エクササイズウェアNEO,8
936,
;1000 - 1100 HEAD
1000,ねこみみ
1001,うさみみ
1002,天使のリング
1003,悪魔のツノ
1004,花リボン
1005,ダブルひまわり
1006,三日月のヘアバンド
1007,星のイヤリング
1008,宝石ヘッドティカ
1009,蝶のヘアバンド
1010,メカ耳
1011,探検帽子
1012,かつピアス
1013,おしゃぶり
1014,お姫様ティアラ
1015,ハイビスカス
1016,ベレー帽
1017,ストローテンガロン
1018,キュンキュンメガネ
1019,パックマン
1020,舞踏会アイマスク
1021,セピアサングラス
1022,シルクハット
1023,ヤスコインカム
1024,乙姫様エクステ
1025,ハッピーイヤーマフラー
1026,ハートビートサングラス
1027,しろねこみみ
1028,バーガーインカム
1029,セーラーキャップ
1030,羊のツノ
1031,おにぎりヘッド
1032,サンタの帽子
1033,スノーカチューシャ
1034,ハーフボンネット
1035,鏡餅オンザヘッド
1036,綺羅星のアンテナ
1037,魔法使いの帽子
1038,お勉強メガネ
1039,ひな祭りカチューシャ
1040,アナザー律ちゃんメガネ
1041,うしみみ
1042,IA大賞クラウン
1043,小鳥さんの艶ぼくろ
1044,ヴァンパイアマウスピース
1045,ゴシックヘッドドレス
1046,三月ウサギのみみ
1047,妖精さんのとんがり耳
1048,シュノーケル
1049,ホールケーキハット
1050,フリルカチューシャ
1051,なると＠フェイスパック
1052,ガールズヘッドバンド
1053,ホメ春香のお面
1054,
1055,
1056,
1057,
1058,
1059,
1060,

;1100 - 1200 BODY
1100,ねこしっぽ
1101,うさしっぽ
1102,天使の羽
1103,悪魔の羽＆しっぽ
1104,花リボンブローチ
1105,ひまわりブローチ
1106,三日月チョーカー
1107,星のブローチ
1108,宝石のチョーカー
1109,蝶の羽根
1110,メカ肩
1111,デイパック
1112,どんネックレス
1113,よだれかけ
1114,銀のペンダント
1115,もふもふマフラー
1116,真珠のネックレス
1117,クマちゃんポシェット
1118,カウベル
1119,ドットイチゴシール
1120,チェックスカーフ
1121,チャンピオンベルト
1122,蝶ネクタイ
1123,デカぜんまい
1124,エンブレムオブドラゴン
1125,スポーツバッグ
1126,ケミカルライトカラー
1127,しろねこしっぽ
1128,バーガーバッジ
1129,ふわふわバルーン
1130,わくわくギフト
1131,スノーペンダント
1132,ふさふさウールネック
1133,あずさの結婚首輪
1134,マリオネットストリングス
1135,ワンダリングＵＦＯ
1136,魔法のホウキ
1137,スクールバッグ
1138,うししっぽ
1139,IA大賞ゴールドメダル
1140,ハートオブヴァンパイア
1141,ゴシックローズコサージュ
1142,ワンダーランドキー
1143,妖精さんの魅惑の羽根
1144,イルカバルーン
1145,菊池レーシングフラッグ
1146,ロリポップブローチ
1147,猫鈴チョーカー
1148,７６５プロスポーツタオル
1149,
1150,
1151,
1152,
1153,
1154,
1155,
1156,
1157,
1158,
1159,
1160,

;1200 - 1300 HAND

1200,ねこのて
1201,うさニンジン
1202,天使の腕輪
1203,悪魔の手
1204,花リボンの腕輪
1205,ひまわりの腕輪
1206,三日月の腕輪
1207,星の腕輪
1208,派手な宝石
1209,蝶の腕輪
1210,メカグローブ
1211,リストコンパス
1212,かつウォッチ
1213,リロリロ鳴るおもちゃ
1214,７６５リストバンド
1215,ポンポンブレス
1216,アイマスの腕章
1217,ボクサーグローブ
1218,銀の腕輪
1219,ゴーストパペット
1220,ロイヤルな腕輪
1221,ドリルアーム
1222,おしゃれプチバッグ
1223,運命の赤い糸
1224,七彩ブレス
1225,プリティミトン
1226,ケミカルライトバングル
1227,しろねこのて
1228,バーガーミット
1229,ハンドフラッグ
1230,ノエルアームバンド
1231,スノーブレス
1232,獅子舞パペット
1233,ウールの腕輪
1234,真美＆亜美のパペット
1235,願い星のステッキ
1236,黒猫のぬいぐるみ
1237,ストロベリークレープ
1238,うしひづめ
1239,IA大賞トロフィー
1240,ぎゅーっとトロ
1241,ブラッディネイル
1242,ゴシックフリルブレス
1243,メルヘンフラワーブレス
1244,妖精さんの魔法の杖
1245,クマちゃんスピーカー
1246,２段アイス
1247,クッキーリング
1248,春香さんのお料理道具
1249,ヨーヨー水風船
1250,マイカラーバトン
1251,
1252,
1253,
1254,
1255,
1256,
1257,
1258,
1259,
1260,

;1300 - 1400 LEG

1300,ねこあし
1301,うさアンクル
1302,天使のアンクル
1303,悪魔の足
1304,花リボンアンクル
1305,ひまわりアンクル
1306,三日月サイトレット
1307,星のアンクル
1308,宝石のアンクル
1309,蝶のアンクル
1310,メカシューズ
1311,登山靴
1312,ダッコどん
1313,毛糸のスリッパ
1314,ガーターリング
1315,ニーパッド
1316,恐竜スリッパ
1317,虹色アンクル
1318,茶色の革靴
1319,パックマンブーツ
1320,レインブーツ
1321,フラワーブーツ
1322,トゥーフラワー
1323,ツインフラワーククウペエ
1324,竜宮フレンズ
1325,ウォームブーツカバー
1326,ケミカルライトアンクル
1327,しろねこあし
1328,バーガーニーパッド
1329,ウォーターピストル
1330,イルミネーションアンクル
1331,スノーガーターリング
1332,門松ブーツ
1333,メビウスアンクル
1334,魔法使いの靴
1335,ウールのブーツカバー
1336,ひっつき亜美真美ちゃん
1337,膝ばんそうこうＬ
1338,うしあし
1339,IA大賞リボンガーター
1340,ひょこっとクロ
1341,フライングバット
1342,ゴシックフリルアンクル
1343,ぴたっとハム蔵
1344,カラフルいもむし
1345,妖精さんの魔法の靴
1346,ダイビングフィン
1347,スイーツショートブーツ
1348,かざぐるまアンクル
1349,ルーズフィットスニーカー
1350,ウサちゃんスリッパ
1351,
1352,
1353,
1354,
1355,
1356,
1357,
1358,
1359,
1360,

;1400 - 1500 お守り
;1501 - 1999 合成素材
