;1,ペニス
;2,クリトリス
;3,指
;4,口
;5,胸
;6,膣
;7,アナル
;11〜20 前ターンの1〜10の履歴
;40,はだけ
;41,ずらし
;42,半脱ぎ
;キャラクター番号が入る
;50,性交中
;51,A性交中
;-----------------------------------------------------
;TCVAR(TFLAGのキャラ変数版)
;-----------------------------------------------------
;0〜99 毎ターン終了時にリセット
;射精前判定に使います
0,射精対象,;（ビット0=TARGET 1=PLAYER 2=MASTER 3=ASSI）
1,予備射精対象,;（ビットを使いたくない人用、CFLAG:100に翻訳されます）
;	（1=TARGET 2=PLAYER 3=MASTER 4=ASSI 5=TARGET+ASSI 6=MASTER+ASSI）
2,射精箇所,;（1=膣内 2=アナル 3=手淫 4=口淫 5=パイズリ 6=素股 7=足コキ 8=体表 9=アナル奉仕 10=道具 11=触手）
3,コンドーム
4,射精快感強度
;射精後処理に使います
9,お掃除フラグ
10,射精した,;（ビット0=TARGET 1=PLAYER 2=MASTER 3=ASSI）
12,射精した箇所,;（1=膣内 2=アナル 3=手淫 4=口淫 5=パイズリ 6=素股 7=足コキ 8=体表 9=アナル奉仕 10=道具 11=触手）
13,コンドーム２,;
;15,処女喪失チェック;
15,破瓜

20,カウンター行動
21,カウンター行動の派生
22,下半身脱衣行動
23,TARGET自身の下半身脱衣行動
24,上半身脱衣行動
25,TARGET自身の上半身脱衣行動
26,マスターカウンター制御,;TARGET側ではTARGET特異的、MASTER側では行動を抑制
;(ビット 0=キス不可 1=クンニ 2=アナル舐め 3=乳首舐め 4=クリ愛撫 5=指入れ 6=アナル愛撫 7=胸愛撫 8=腰を振る)
27,TARGET体制変更用;(1=シックスナインへ移行)

30,カウンター行動決定フラグ

50,口上出力用射精箇所

60,表示カット

;挿入中キャラ番号が入る
100,V挿入管理
101,A挿入管理
102,Vに中出しされた,;（1ターン持続）
103,Vに中出ししたキャラ
104,Aに中出しされた,;（1ターン持続）
105,Aに中出ししたキャラ,;
106,絶頂による快楽強度
107,イきそう
108,ソース、EXPチェックトリガー
110,直前のターンに射精した,;（ビット0=TARGET 1=PLAYER 2=MASTER 3=ASSI）
112,直前のターンの射精した箇所,;（1=膣内 2=アナル 3=手淫 4=口淫 5=パイズリ 6=素股 7=足コキ 8=体表 9=アナル奉仕 10=道具 11=触手）

;ダミー
;110,精飲経験
;111,
;112,快楽強度
;113,表示カット
;###
116,行為者

;400-経験値表示用
400,Ｖ経験
401,Ａ経験
402,絶頂経験
403,射精経験
404,Ｂ経験
405,Ｃ経験
406,Ｍ経験

410,自慰経験
411,強制自慰経験

420,精液経験
421,奉仕快楽経験
422,フェラ経験
423,愛情経験
424,膣射経験
425,精飲経験

430,苦痛快楽経験
431,放尿経験
432,Ａ快楽経験

440,レズ経験
441,ＢＬ経験

450,異常経験
451,緊縛経験
452,Ｖ拡張経験
453,Ａ拡張経験
454,噴乳経験
455,触手経験
456,吸血経験
457,被吸血経験
460,産卵経験
461,出産経験

;日常系経験
;89,調合経験
489,舞踊経験
490,家事経験
491,撮影経験
492,被写経験
493,歌唱経験
494,デート経験
;95,戦闘経験
496,キス経験
497,主導経験
498,記憶消去経験
