番号,85
名前,道明寺歌鈴
呼び名,歌鈴
CSTR,21,歌
 
基礎,体力,2000
基礎,気力,1200
基礎,HP,20
基礎,MP,24
基礎,ベースPOW,10
基礎,ベースGUA,3
基礎,ベースDEX,14
基礎,ベースHIT,12
基礎,ベースSPD,7
基礎,ベースLUC,19

素質,処女
素質,臆病
素質,素直
素質,プライド低い
素質,好奇心
素質,一線越えない
素質,貞操観念
素質,痛みに弱い
素質,習得遅い
素質,針さばき
素質,献身的
素質,快感に素直
素質,謎の魅力
素質,Ｖ敏感
素質,Ａ鈍感
素質,Ｂ敏感
素質,治療
素質,大ドジ
 
能力,露出癖,1
能力,料理技能,1
能力,浪費癖,75
能力,歌唱適性,90
能力,被写適性,90
能力,舞踊適性,90
 
経験,絶頂経験,2
経験,自慰経験,10
経験,舞踊経験,10
経験,家事経験,15
経験,被写経験,8
経験,歌唱経験,12
 
EQUIP,コスプレ服,12
EQUIP,手,2
EQUIP,靴下,5
EQUIP,下着（下）,2
EQUIP,下着（上）,3
 
フラグ,主導権基準値,-20
 
フラグ,髪色,2
フラグ,髪の長さ,4
フラグ,髪の伸縮,6
フラグ,髪型,34
フラグ,髪オプション1,1
フラグ,瞳の色,3
フラグ,肌の色,1
フラグ,性格,19
フラグ,職業,2
フラグ,副職業,20
フラグ,フレーバー1,10
フラグ,フレーバー2,17
フラグ,フレーバー3,29
フラグ,フレーバー4,52


