番号,81
名前,日野茜
呼び名,茜
CSTR,21,茜
 
基礎,体力,2200
基礎,気力,1100
基礎,HP,33
基礎,MP,15
基礎,戦闘レベル,1
基礎,ベースPOW,15
基礎,ベースGUA,4
基礎,ベースDEX,12
基礎,ベースHIT,16
基礎,ベースSPD,10
基礎,ベースLUC,15
基礎,VO倍率,80
基礎,VI倍率,90
基礎,DA倍率,130
 
素質,処女
素質,素直
素質,好奇心
素質,楽観的
素質,恥薄い
素質,痛みに強い
素質,快感に素直
素質,中毒しやすい
素質,Ｂ敏感
素質,回復早い
素質,鼓舞
素質,人気
素質,Ｍ敏感
 
能力,親密,1
能力,技巧,2
能力,浪費癖,85
 
経験,自慰経験,5
経験,舞踊経験,12
経験,被写経験,6
経験,歌唱経験,5
 
EQUIP,靴下,4
EQUIP,下着（下）,2
EQUIP,下着（上）,4
EQUIP,ボトムス,15
EQUIP,インナー,5
EQUIP,アウター,24
EQUIP,頭,13
 
フラグ,主導権基準値,20
 
フラグ,髪色,18
フラグ,髪の長さ,1
フラグ,髪の伸縮,2
フラグ,髪型,1
フラグ,瞳の色,1
フラグ,瞳の形,7
フラグ,性格,1
フラグ,職業,2
フラグ,副職業,11
フラグ,フレーバー1,44
フラグ,フレーバー2,58
フラグ,フレーバー3,59
フラグ,フレーバー4,38