番号,89
名前,姫川友紀
呼び名,友紀
CSTR,21,友
 
基礎,体力,2200
基礎,気力,1100
基礎,HP,20
基礎,MP,20
基礎,戦闘レベル,1
基礎,ベースGUA,4
基礎,ベースDEX,10
基礎,ベースHIT,9
基礎,ベースSPD,7
基礎,ベースLUC,12
 
素質,処女
素質,素直
素質,好奇心
素質,楽観的
素質,目立ちたがり
素質,解放
素質,快感に素直
素質,Ｖ敏感
素質,Ｂ敏感
素質,日光浴
 
能力,浪費癖,70
能力,歌唱適性,100
能力,被写適性,100
能力,舞踊適性,100
 
経験,舞踊経験,10
経験,被写経験,10
経験,歌唱経験,10
 
EQUIP,手,6
EQUIP,靴下,1
EQUIP,下着（下）,2
EQUIP,下着（上）,1
EQUIP,ボトムス,5
EQUIP,アウター,22
EQUIP,頭,11
 
フラグ,主導権基準値,5
 
フラグ,髪色,1
フラグ,髪の長さ,1
フラグ,髪の伸縮,1
フラグ,髪型,26
フラグ,髪オプション1,4
フラグ,瞳の色,1
フラグ,瞳の形,7
フラグ,性格,1
フラグ,職業,2
フラグ,フレーバー1,8
フラグ,フレーバー2,44
