番号,84
名前,市原仁奈
呼び名,仁奈
CSTR,21,仁
 
基礎,体力,1500
基礎,気力,1200
基礎,HP,12
基礎,MP,25
基礎,ベースPOW,8
基礎,ベースGUA,4
基礎,ベースDEX,15
基礎,ベースHIT,7
基礎,ベースSPD,10
基礎,ベースLUC,20
 
素質,処女
素質,生意気
素質,プライド低い
素質,恥薄い
素質,痛みに弱い
素質,習得早い
素質,おもらし癖
素質,パイパン
素質,中毒しやすい
素質,Ｃ敏感
素質,Ｖ鈍感
素質,Ｂ敏感
素質,幼稚
素質,絶壁
 
能力,親密,1
能力,露出癖,2
能力,浪費癖,60
能力,歌唱適性,70
能力,被写適性,100
能力,舞踊適性,60
 
経験,自慰経験,5
経験,放尿経験,5
経験,舞踊経験,5
経験,被写経験,5
経験,歌唱経験,5
 
EQUIP,コスプレ服,25
EQUIP,靴下,1
EQUIP,下着（下）,1
EQUIP,下着（上）,4
 
フラグ,主導権基準値,0
 
フラグ,髪色,19
フラグ,髪の長さ,1
フラグ,髪の伸縮,1
フラグ,髪型,8
フラグ,髪オプション1,5
フラグ,瞳の色,6
フラグ,性格,27
フラグ,職業,2
フラグ,副職業,9
フラグ,フレーバー1,30
フラグ,フレーバー2,55
フラグ,フレーバー3,8
