番号,86
名前,小日向美穂
呼び名,美穂
CSTR,21,美
 
基礎,体力,1800
基礎,気力,1400
基礎,HP,27
基礎,MP,21
基礎,戦闘レベル,1
基礎,ベースPOW,11
基礎,ベースGUA,6
基礎,ベースDEX,13
基礎,ベースHIT,9
基礎,ベースSPD,9
基礎,ベースLUC,16
 
素質,処女
素質,素直
素質,大人しい
素質,プライド低い
素質,保守的
素質,楽観的
素質,貞操観念
素質,恥じらい
素質,濡れやすい
素質,献身的
素質,快感に素直
素質,Ｃ鈍感
素質,Ｖ敏感
素質,Ａ敏感
 
能力,親密,1
能力,奉仕精神,2
能力,浪費癖,70
能力,歌唱適性,90
能力,被写適性,80
能力,舞踊適性,90
 
経験,自慰経験,5
経験,舞踊経験,9
経験,被写経験,10
経験,歌唱経験,8
 
EQUIP,靴下,4
EQUIP,ボトムス,1
EQUIP,インナー,16
EQUIP,アウター,20
EQUIP,頭,14
 
フラグ,主導権基準値,-20
 
フラグ,髪色,1
フラグ,髪の長さ,4
フラグ,髪の伸縮,1
フラグ,髪型,30
フラグ,瞳の色,6
フラグ,瞳の形,1
フラグ,肌の色,1
フラグ,性格,35
フラグ,職業,2
フラグ,副職業,11
フラグ,フレーバー1,4


