番号,60
名前,佐々木千枝
呼び名,千枝
基礎,0,1700
基礎,1,1300
素質,処女
素質,臆病
素質,素直
素質,大人しい
素質,好奇心
素質,保守的
素質,悲観的
素質,貞操無頓着
素質,恥じらい
素質,痛みに弱い
素質,パイパン
素質,小柄体型
素質,自慰しやすい
素質,Ｃ敏感
素質,Ｂ鈍感
素質,貧乳
素質,幼稚
;外見素質+α
フラグ,1411,1,;髪色
フラグ,1412,4,;髪の長さ
フラグ,1413,1,;髪の伸縮・髪質
フラグ,1414,34,;髪型
フラグ,1415,0,;髪オプション1
フラグ,1416,0,;髪オプション2
フラグ,1417,1,;瞳の色
フラグ,1418,1,;瞳の形
フラグ,1419,0,;肌の色
フラグ,1420,31,;性格
フラグ,1421,2,;職業,;アイドルの場合は必ずこっちに
フラグ,1422,9,;副職業
フラグ,1423,4,;フレーバー1
フラグ,1424,87,;フレーバー2
フラグ,1425,0,;フレーバー3
フラグ,1426,0,;フレーバー4
フラグ,1427,0,;フレーバー5
能力,親密,2
経験,家事経験,5
経験,被写経験,3
経験,歌唱経験,3
経験,舞踊経験,3
能力,97,45
フラグ,主導権基準値,-30
;衣装
フラグ,1360,0,						;コスプレ		(1=学ラン/2=セーラー服/3=ブルマ/4=水着/5=スク水（紺）/6=スク水（白）/7=白衣/8=ナース服/9=女性警官制服/10=ボンテージ/11=浴衣/12=巫女服/13=セーラー水着/14=初音ミクコス/15=メイド服/16=スモック/17=リボン/18=ヨガウェア/19=魔法少女コス/20=ゴスロリ服/21=バニーガール/22=Yシャツ/23普段着=/24=主人公の服)
フラグ,1361,0,						;手		(1=手袋/2=袖/3=羽衣)
フラグ,1362,2,						;靴下		(1=ソックス/2=ニーソックス/3=ガーターストッキング/4=ハイソックス/5=足袋/6=ストッキング/7=タイツ/8=黒タイツ)
フラグ,1363,2,						;秘所		(1=ドロワーズ/2=パンティ/3=トランクス/4=パンティーストッキング/5=ガーターベルト/6=ふんどし/7=ブリーフ/8=ペチコート/9=スキャンティ/10=紐パン/11=アンダースコート)
フラグ,1364,1,						;胸		(1=ブラジャー/2=スポーツブラ/3=さらし/4=キャミソール/5=大胸筋矯正サポーター/6=オープンブラ)
フラグ,1365,0,						;下着		(1=スカート/2=キュロット/3=もんぺ/4=ズボン/5=スパッツ/6=タイツ/7=ロングスカート/8=トレパン/9=ハーフパンツ/10=ショートパンツ/11=スウェット/12=ジーンズ/13=半ズボン/14=ホットパンツ/15=ミニスカート/16=サスペンダースカート)
フラグ,1366,0,						;インナー		(1=キャミソール/2=シャツ/3=タンクトップ/4=チューブトップ/5=ブラウス/6=ベアトップ/7=カーディガン/8=ジャケット/9=ジャンパー/10=セーター/11=トレーナー/12=パーカー/13=ブレザー/14=ケープ/15=ブルゾン/16=カットソー/17=ベスト/18=コート/19=チュニック/20=Tシャツ/21=ノースリーブ)
フラグ,1367,7,						;上着		(1=キャミソール/2=シャツ/3=タンクトップ/4=チューブトップ/5=ブラウス/6=ベアトップ/7=カーディガン/8=ジャケット/9=ジャンパー/10=セーター/11=トレーナー/12=パーカー/13=ブレザー/14=ケープ/15=ブルゾン/16=カットソー/17=ベスト/18=コート/19=チュニック/20=Tシャツ/21=ノースリーブ)
フラグ,1368,15,						;上下一体服		(1=和服/2=スーツ/3=タキシード/4=ドレス/5=燕尾服/6=背広/7=つなぎ/8=オールインワン/9=コンビネゾン/10=ジャンプスーツ/11=ロンパース/12=サロペット/13=オーバーオール/14=ポンチョ/15=ワンピース/16=ネグリジェ/17=エプロン)
フラグ,1369,0,						;上下一体下着			(1=ビスチェ/2=ベビードール)
フラグ,1370,11,						;頭			(1=帽子/2=麦わら帽子/3=フード/4=テンガロンハット /5=魔女帽子/6=キャスケット/7=キャップ/8=サンバイザー/9=花冠/10=リボン/11=髪留め/12=インカム/13=シュシュ/14=カチューシャ/15=髪飾り)			
フラグ,1372,0,						;身装具、オプション1	(1=眼鏡/2=ネクタイ/3=イヤリング)
;FES用
;ユニークスキル
能力,281

能力,歌唱適性,90
能力,被写適性,80
能力,舞踊適性,80
能力,POW素質,90
能力,GUA素質,90
能力,DEX素質,150
能力,SPD素質,140
能力,HIT素質,100
能力,LUC素質,90
能力,SKL素質,90
能力,GRO素質,110
基礎,HP,22,;スコア
基礎,MP,9,;テンション
基礎,ボルテージ,100

基礎,戦闘レベル,1
基礎,ベースPOW,12,;攻撃力
基礎,ベースGUA,4,;防御力
基礎,ベースDEX,17,;技術
基礎,ベースHIT,11,;命中率
基礎,ベースSPD,11,;素早さ
基礎,ベースLUC,17,;運
フラグ,1241,3,;思い出

CSTR,21,千

;以下口上内で使用しているフラグと変数
;CFLAG:701~703
;CSTR:12
;CSTR:15
