番号,88
名前,綾瀬穂乃香
呼び名,穂乃香
CSTR,21,穂
 
基礎,体力,2200
基礎,気力,1100
基礎,HP,32
基礎,MP,16
基礎,戦闘レベル,1
基礎,ベースPOW,10
基礎,ベースGUA,6
基礎,ベースDEX,14
基礎,ベースHIT,10
基礎,ベースSPD,10
基礎,ベースLUC,15
 
素質,処女
素質,気丈
素質,プライド高い
素質,自制心
素質,保守的
素質,一線越えない
素質,抑圧
素質,痛みに強い
素質,濡れにくい
素質,習得遅い
素質,汚臭鈍感
素質,快感の否定
素質,中毒しやすい
素質,Ｖ敏感
素質,舞踊の才
 
能力,歌唱適性,90
能力,被写適性,90
能力,舞踊適性,140
能力,Ｄａ技能,3
 
経験,舞踊経験,20
経験,被写経験,5
経験,歌唱経験,7
 
EQUIP,靴下,7
EQUIP,下着（下）,2
EQUIP,下着（上）,1
EQUIP,ボトムス,1
EQUIP,インナー,16
EQUIP,頭,13
 
フラグ,主導権基準値,15
 
フラグ,髪色,1
フラグ,髪の長さ,2
フラグ,髪の伸縮,2
フラグ,髪型,1
フラグ,髪オプション1,3
フラグ,瞳の色,6
フラグ,瞳の形,2
フラグ,性格,24
フラグ,職業,2
フラグ,副職業,11
フラグ,フレーバー1,37
